,report_date,health_district_or_health,race_and_ethnicity,number_of_cases,number_of_hospitalizations,number_of_deaths
0,2020-11-02T00:00:00.000,Alexandria,Asian or Pacific Islander,162,11,1
1,2020-11-02T00:00:00.000,Alexandria,Black,903,101,19
2,2020-11-02T00:00:00.000,Alexandria,Latino,1992,137,13
3,2020-11-02T00:00:00.000,Alexandria,Native American,4,0,0
4,2020-11-02T00:00:00.000,Alexandria,Not Reported,260,3,1
5,2020-11-02T00:00:00.000,Alexandria,Other Race,108,10,2
6,2020-11-02T00:00:00.000,Alexandria,Two or more races,29,2,0
7,2020-11-02T00:00:00.000,Alexandria,White,905,61,38
8,2020-11-02T00:00:00.000,Alleghany,Asian or Pacific Islander,38,0,0
9,2020-11-02T00:00:00.000,Alleghany,Black,212,8,4
10,2020-11-02T00:00:00.000,Alleghany,Latino,194,13,0
11,2020-11-02T00:00:00.000,Alleghany,Not Reported,864,5,1
12,2020-11-02T00:00:00.000,Alleghany,Other Race,27,1,0
13,2020-11-02T00:00:00.000,Alleghany,Two or more races,20,0,0
14,2020-11-02T00:00:00.000,Alleghany,White,1700,91,36
15,2020-11-02T00:00:00.000,Alleghany and Roanoke,Native American,6,0,0
16,2020-11-02T00:00:00.000,Arlington,Asian or Pacific Islander,237,28,13
17,2020-11-02T00:00:00.000,Arlington,Black,471,90,36
18,2020-11-02T00:00:00.000,Arlington,Latino,1951,258,27
19,2020-11-02T00:00:00.000,Arlington,Native American,5,0,0
20,2020-11-02T00:00:00.000,Arlington,Not Reported,484,3,0
21,2020-11-02T00:00:00.000,Arlington,Other Race,114,11,4
22,2020-11-02T00:00:00.000,Arlington,Two or more races,53,4,0
23,2020-11-02T00:00:00.000,Arlington,White,1463,146,74
24,2020-11-02T00:00:00.000,Central Shenandoah,Asian or Pacific Islander,93,2,0
25,2020-11-02T00:00:00.000,Central Shenandoah,Black,286,16,5
26,2020-11-02T00:00:00.000,Central Shenandoah,Latino,1261,60,6
27,2020-11-02T00:00:00.000,Central Shenandoah,Native American,4,1,0
28,2020-11-02T00:00:00.000,Central Shenandoah,Not Reported,1101,5,1
29,2020-11-02T00:00:00.000,Central Shenandoah,Other Race,98,2,0
30,2020-11-02T00:00:00.000,Central Shenandoah,Two or more races,58,1,0
31,2020-11-02T00:00:00.000,Central Shenandoah,White,4188,221,72
32,2020-11-02T00:00:00.000,Central Virginia,Asian or Pacific Islander,35,1,0
33,2020-11-02T00:00:00.000,Central Virginia,Black,491,42,17
34,2020-11-02T00:00:00.000,Central Virginia,Latino,105,8,4
35,2020-11-02T00:00:00.000,Central Virginia,Native American,9,0,0
36,2020-11-02T00:00:00.000,Central Virginia,Not Reported,2276,29,6
37,2020-11-02T00:00:00.000,Central Virginia,Other Race,32,1,0
38,2020-11-02T00:00:00.000,Central Virginia,Two or more races,26,0,0
39,2020-11-02T00:00:00.000,Central Virginia,White,2170,122,39
40,2020-11-02T00:00:00.000,Chesapeake,Asian or Pacific Islander,97,12,6
41,2020-11-02T00:00:00.000,Chesapeake,Black,1966,259,36
42,2020-11-02T00:00:00.000,Chesapeake,Latino,408,29,2
43,2020-11-02T00:00:00.000,Chesapeake,Native American,12,0,0
44,2020-11-02T00:00:00.000,Chesapeake,Not Reported,623,4,0
45,2020-11-02T00:00:00.000,Chesapeake,Other Race,59,5,1
46,2020-11-02T00:00:00.000,Chesapeake,Two or more races,63,4,1
47,2020-11-02T00:00:00.000,Chesapeake,White,1830,170,33
48,2020-11-02T00:00:00.000,Chesterfield,Asian or Pacific Islander,120,7,1
49,2020-11-02T00:00:00.000,Chesterfield,Black,1585,142,36
50,2020-11-02T00:00:00.000,Chesterfield,Latino,2107,119,9
51,2020-11-02T00:00:00.000,Chesterfield,Native American,9,1,0
52,2020-11-02T00:00:00.000,Chesterfield,Not Reported,1538,5,13
53,2020-11-02T00:00:00.000,Chesterfield,Other Race,181,14,0
54,2020-11-02T00:00:00.000,Chesterfield,Two or more races,58,6,0
55,2020-11-02T00:00:00.000,Chesterfield,White,2366,182,92
56,2020-11-02T00:00:00.000,Chickahominy,Asian or Pacific Islander,20,1,0
57,2020-11-02T00:00:00.000,Chickahominy,Black,434,59,12
58,2020-11-02T00:00:00.000,Chickahominy,Latino,111,6,0
59,2020-11-02T00:00:00.000,Chickahominy,Native American,10,1,0
60,2020-11-02T00:00:00.000,Chickahominy,Not Reported,557,2,1
61,2020-11-02T00:00:00.000,Chickahominy,Other Race,26,3,0
62,2020-11-02T00:00:00.000,Chickahominy,Two or more races,10,1,0
63,2020-11-02T00:00:00.000,Chickahominy,White,1315,127,46
64,2020-11-02T00:00:00.000,Crater,Asian or Pacific Islander,30,0,0
65,2020-11-02T00:00:00.000,Crater,Black,2520,223,75
66,2020-11-02T00:00:00.000,Crater,Latino,246,11,5
67,2020-11-02T00:00:00.000,Crater,Native American,7,1,1
68,2020-11-02T00:00:00.000,Crater,Not Reported,1128,10,5
69,2020-11-02T00:00:00.000,Crater,Other Race,67,0,1
70,2020-11-02T00:00:00.000,Crater,Two or more races,13,0,0
71,2020-11-02T00:00:00.000,Crater,White,1134,66,31
72,2020-11-02T00:00:00.000,Cumberland Plateau,Black,58,0,0
73,2020-11-02T00:00:00.000,Cumberland Plateau,Latino,15,0,0
74,2020-11-02T00:00:00.000,Cumberland Plateau,Not Reported,136,4,0
75,2020-11-02T00:00:00.000,Cumberland Plateau,Other Race,7,1,0
76,2020-11-02T00:00:00.000,Cumberland Plateau,Two or more races,10,0,0
77,2020-11-02T00:00:00.000,Cumberland Plateau,White,1307,95,15
78,2020-11-02T00:00:00.000,Cumberland Plateau and Lenowisco,Asian or Pacific Islander,2,0,0
79,2020-11-02T00:00:00.000,"Cumberland Plateau, Lenowisco, and Mount Rogers",Native American,4,0,0
80,2020-11-02T00:00:00.000,Eastern Shore,Black,875,100,29
81,2020-11-02T00:00:00.000,Eastern Shore,Latino,275,11,3
82,2020-11-02T00:00:00.000,Eastern Shore,Not Reported,79,0,0
83,2020-11-02T00:00:00.000,Eastern Shore,Other Race,13,1,0
84,2020-11-02T00:00:00.000,Eastern Shore,Two or more races,1,1,0
85,2020-11-02T00:00:00.000,Eastern Shore,White,301,34,18
86,2020-11-02T00:00:00.000,Eastern Shore and Three Rivers,Asian or Pacific Islander,14,1,0
87,2020-11-02T00:00:00.000,Eastern Shore and Three Rivers,Native American,2,0,0
88,2020-11-02T00:00:00.000,Fairfax,Asian or Pacific Islander,2183,284,78
89,2020-11-02T00:00:00.000,Fairfax,Black,2010,262,66
90,2020-11-02T00:00:00.000,Fairfax,Latino,11275,1065,105
91,2020-11-02T00:00:00.000,Fairfax,Native American,37,1,1
92,2020-11-02T00:00:00.000,Fairfax,Not Reported,2744,42,31
93,2020-11-02T00:00:00.000,Fairfax,Other Race,973,92,19
94,2020-11-02T00:00:00.000,Fairfax,Two or more races,147,6,0
95,2020-11-02T00:00:00.000,Fairfax,White,5273,565,320
96,2020-11-02T00:00:00.000,Hampton,Asian or Pacific Islander,19,0,0
97,2020-11-02T00:00:00.000,Hampton,Black,1005,70,23
98,2020-11-02T00:00:00.000,Hampton,Latino,92,5,0
99,2020-11-02T00:00:00.000,Hampton,Native American,3,0,1
100,2020-11-02T00:00:00.000,Hampton,Not Reported,627,2,1
101,2020-11-02T00:00:00.000,Hampton,Other Race,70,2,1
102,2020-11-02T00:00:00.000,Hampton,Two or more races,19,0,0
103,2020-11-02T00:00:00.000,Hampton,White,367,14,7
104,2020-11-02T00:00:00.000,Henrico,Asian or Pacific Islander,261,13,4
105,2020-11-02T00:00:00.000,Henrico,Black,2060,234,102
106,2020-11-02T00:00:00.000,Henrico,Latino,988,60,11
107,2020-11-02T00:00:00.000,Henrico,Native American,12,0,0
108,2020-11-02T00:00:00.000,Henrico,Not Reported,1029,4,4
109,2020-11-02T00:00:00.000,Henrico,Other Race,214,17,0
110,2020-11-02T00:00:00.000,Henrico,Two or more races,97,7,2
111,2020-11-02T00:00:00.000,Henrico,White,1908,163,117
112,2020-11-02T00:00:00.000,Lenowisco,Black,56,2,1
113,2020-11-02T00:00:00.000,Lenowisco,Latino,38,0,0
114,2020-11-02T00:00:00.000,Lenowisco,Not Reported,220,4,4
115,2020-11-02T00:00:00.000,Lenowisco,Other Race,12,0,0
116,2020-11-02T00:00:00.000,Lenowisco,Two or more races,21,1,0
117,2020-11-02T00:00:00.000,Lenowisco,White,1478,108,22
118,2020-11-02T00:00:00.000,Lord Fairfax,Asian or Pacific Islander,20,1,0
119,2020-11-02T00:00:00.000,Lord Fairfax,Black,174,24,7
120,2020-11-02T00:00:00.000,Lord Fairfax,Latino,887,60,9
121,2020-11-02T00:00:00.000,Lord Fairfax,Native American,3,1,1
122,2020-11-02T00:00:00.000,Lord Fairfax,Not Reported,482,5,6
123,2020-11-02T00:00:00.000,Lord Fairfax,Other Race,94,6,1
124,2020-11-02T00:00:00.000,Lord Fairfax,Two or more races,27,0,0
125,2020-11-02T00:00:00.000,Lord Fairfax,White,2447,240,108
126,2020-11-02T00:00:00.000,Loudoun,Asian or Pacific Islander,547,61,12
127,2020-11-02T00:00:00.000,Loudoun,Black,374,36,7
128,2020-11-02T00:00:00.000,Loudoun,Latino,2695,236,16
129,2020-11-02T00:00:00.000,Loudoun,Native American,6,0,0
130,2020-11-02T00:00:00.000,Loudoun,Not Reported,2012,5,0
131,2020-11-02T00:00:00.000,Loudoun,Other Race,283,17,3
132,2020-11-02T00:00:00.000,Loudoun,Two or more races,67,2,0
133,2020-11-02T00:00:00.000,Loudoun,White,2064,131,94
134,2020-11-02T00:00:00.000,Mount Rogers,Asian or Pacific Islander,7,1,0
135,2020-11-02T00:00:00.000,Mount Rogers,Black,91,9,3
136,2020-11-02T00:00:00.000,Mount Rogers,Latino,317,7,0
137,2020-11-02T00:00:00.000,Mount Rogers,Not Reported,253,11,7
138,2020-11-02T00:00:00.000,Mount Rogers,Other Race,16,2,2
139,2020-11-02T00:00:00.000,Mount Rogers,Two or more races,13,1,0
140,2020-11-02T00:00:00.000,Mount Rogers,White,3325,292,138
141,2020-11-02T00:00:00.000,New River,Asian or Pacific Islander,124,0,0
142,2020-11-02T00:00:00.000,New River,Black,276,5,1
143,2020-11-02T00:00:00.000,New River,Latino,255,5,0
144,2020-11-02T00:00:00.000,New River,Native American,5,0,0
145,2020-11-02T00:00:00.000,New River,Not Reported,1055,12,0
146,2020-11-02T00:00:00.000,New River,Other Race,20,0,0
147,2020-11-02T00:00:00.000,New River,Two or more races,95,3,0
148,2020-11-02T00:00:00.000,New River,White,2840,65,26
149,2020-11-02T00:00:00.000,Norfolk,Asian or Pacific Islander,77,9,0
150,2020-11-02T00:00:00.000,Norfolk,Black,2618,288,58
151,2020-11-02T00:00:00.000,Norfolk,Latino,420,30,0
152,2020-11-02T00:00:00.000,Norfolk,Native American,9,1,1
153,2020-11-02T00:00:00.000,Norfolk,Not Reported,1124,4,1
154,2020-11-02T00:00:00.000,Norfolk,Other Race,104,5,2
155,2020-11-02T00:00:00.000,Norfolk,Two or more races,61,3,0
156,2020-11-02T00:00:00.000,Norfolk,White,1121,73,22
157,2020-11-02T00:00:00.000,Peninsula,Asian or Pacific Islander,70,5,7
158,2020-11-02T00:00:00.000,Peninsula,Black,1420,93,29
159,2020-11-02T00:00:00.000,Peninsula,Latino,452,24,2
160,2020-11-02T00:00:00.000,Peninsula,Native American,7,2,1
161,2020-11-02T00:00:00.000,Peninsula,Not Reported,1680,3,0
162,2020-11-02T00:00:00.000,Peninsula,Other Race,184,3,0
163,2020-11-02T00:00:00.000,Peninsula,Two or more races,66,4,1
164,2020-11-02T00:00:00.000,Peninsula,White,1381,94,52
165,2020-11-02T00:00:00.000,Piedmont,Asian or Pacific Islander,12,0,1
166,2020-11-02T00:00:00.000,Piedmont,Black,716,77,23
167,2020-11-02T00:00:00.000,Piedmont,Latino,79,9,2
168,2020-11-02T00:00:00.000,Piedmont,Native American,5,0,0
169,2020-11-02T00:00:00.000,Piedmont,Not Reported,879,11,2
170,2020-11-02T00:00:00.000,Piedmont,Other Race,15,0,0
171,2020-11-02T00:00:00.000,Piedmont,Two or more races,9,2,0
172,2020-11-02T00:00:00.000,Piedmont,White,859,64,28
173,2020-11-02T00:00:00.000,Pittsylvania-Danville,Asian or Pacific Islander,4,0,0
174,2020-11-02T00:00:00.000,Pittsylvania-Danville,Black,868,104,21
175,2020-11-02T00:00:00.000,Pittsylvania-Danville,Latino,95,5,0
176,2020-11-02T00:00:00.000,Pittsylvania-Danville,Not Reported,805,15,2
177,2020-11-02T00:00:00.000,Pittsylvania-Danville,Other Race,6,0,0
178,2020-11-02T00:00:00.000,Pittsylvania-Danville,Two or more races,7,0,0
179,2020-11-02T00:00:00.000,Pittsylvania-Danville,White,864,83,38
180,2020-11-02T00:00:00.000,Pittsylvania-Danville and Southside,Native American,1,0,0
181,2020-11-02T00:00:00.000,Portsmouth,Asian or Pacific Islander,21,1,0
182,2020-11-02T00:00:00.000,Portsmouth,Black,1767,237,49
183,2020-11-02T00:00:00.000,Portsmouth,Latino,99,11,1
184,2020-11-02T00:00:00.000,Portsmouth,Native American,4,2,0
185,2020-11-02T00:00:00.000,Portsmouth,Not Reported,455,8,1
186,2020-11-02T00:00:00.000,Portsmouth,Other Race,64,10,5
187,2020-11-02T00:00:00.000,Portsmouth,Two or more races,23,6,0
188,2020-11-02T00:00:00.000,Portsmouth,White,438,46,13
189,2020-11-02T00:00:00.000,Prince William,Asian or Pacific Islander,700,63,21
190,2020-11-02T00:00:00.000,Prince William,Black,1797,189,59
191,2020-11-02T00:00:00.000,Prince William,Latino,7342,697,79
192,2020-11-02T00:00:00.000,Prince William,Native American,30,1,1
193,2020-11-02T00:00:00.000,Prince William,Not Reported,4469,27,0
194,2020-11-02T00:00:00.000,Prince William,Other Race,639,24,0
195,2020-11-02T00:00:00.000,Prince William,Two or more races,132,1,0
196,2020-11-02T00:00:00.000,Prince William,White,2276,203,98
197,2020-11-02T00:00:00.000,Rappahannock,Asian or Pacific Islander,107,11,3
198,2020-11-02T00:00:00.000,Rappahannock,Black,1053,110,20
199,2020-11-02T00:00:00.000,Rappahannock,Latino,1497,114,9
200,2020-11-02T00:00:00.000,Rappahannock,Native American,6,0,0
201,2020-11-02T00:00:00.000,Rappahannock,Not Reported,1554,26,0
202,2020-11-02T00:00:00.000,Rappahannock,Other Race,161,4,0
203,2020-11-02T00:00:00.000,Rappahannock,Two or more races,55,3,0
204,2020-11-02T00:00:00.000,Rappahannock,White,1892,170,61
205,2020-11-02T00:00:00.000,Rappahannock Rapidan,Asian or Pacific Islander,18,1,0
206,2020-11-02T00:00:00.000,Rappahannock Rapidan,Black,323,41,12
207,2020-11-02T00:00:00.000,Rappahannock Rapidan,Latino,892,65,8
208,2020-11-02T00:00:00.000,Rappahannock Rapidan,Native American,3,0,0
209,2020-11-02T00:00:00.000,Rappahannock Rapidan,Not Reported,732,13,7
210,2020-11-02T00:00:00.000,Rappahannock Rapidan,Other Race,40,3,0
211,2020-11-02T00:00:00.000,Rappahannock Rapidan,Two or more races,42,3,0
212,2020-11-02T00:00:00.000,Rappahannock Rapidan,White,1137,67,28
213,2020-11-02T00:00:00.000,Richmond,Asian or Pacific Islander,66,4,1
214,2020-11-02T00:00:00.000,Richmond,Black,1899,273,41
215,2020-11-02T00:00:00.000,Richmond,Latino,1452,117,8
216,2020-11-02T00:00:00.000,Richmond,Native American,3,0,0
217,2020-11-02T00:00:00.000,Richmond,Not Reported,792,1,1
218,2020-11-02T00:00:00.000,Richmond,Other Race,183,8,2
219,2020-11-02T00:00:00.000,Richmond,Two or more races,49,2,1
220,2020-11-02T00:00:00.000,Richmond,White,1055,53,24
221,2020-11-02T00:00:00.000,Roanoke,Asian or Pacific Islander,45,3,0
222,2020-11-02T00:00:00.000,Roanoke,Black,627,39,9
223,2020-11-02T00:00:00.000,Roanoke,Latino,493,33,0
224,2020-11-02T00:00:00.000,Roanoke,Not Reported,964,2,1
225,2020-11-02T00:00:00.000,Roanoke,Other Race,35,1,0
226,2020-11-02T00:00:00.000,Roanoke,Two or more races,17,2,0
227,2020-11-02T00:00:00.000,Roanoke,White,801,29,33
228,2020-11-02T00:00:00.000,Southside,Asian or Pacific Islander,3,0,0
229,2020-11-02T00:00:00.000,Southside,Black,626,49,22
230,2020-11-02T00:00:00.000,Southside,Latino,9,0,0
231,2020-11-02T00:00:00.000,Southside,Not Reported,688,8,5
232,2020-11-02T00:00:00.000,Southside,Other Race,16,1,1
233,2020-11-02T00:00:00.000,Southside,Two or more races,62,0,0
234,2020-11-02T00:00:00.000,Southside,White,490,33,20
235,2020-11-02T00:00:00.000,Thomas Jefferson,Asian or Pacific Islander,134,1,1
236,2020-11-02T00:00:00.000,Thomas Jefferson,Black,619,84,18
237,2020-11-02T00:00:00.000,Thomas Jefferson,Latino,757,34,3
238,2020-11-02T00:00:00.000,Thomas Jefferson,Native American,5,0,0
239,2020-11-02T00:00:00.000,Thomas Jefferson,Not Reported,368,3,0
240,2020-11-02T00:00:00.000,Thomas Jefferson,Other Race,179,5,1
241,2020-11-02T00:00:00.000,Thomas Jefferson,Two or more races,100,3,0
242,2020-11-02T00:00:00.000,Thomas Jefferson,White,2373,109,54
243,2020-11-02T00:00:00.000,Three Rivers,Black,796,59,14
244,2020-11-02T00:00:00.000,Three Rivers,Latino,196,6,1
245,2020-11-02T00:00:00.000,Three Rivers,Not Reported,298,6,2
246,2020-11-02T00:00:00.000,Three Rivers,Other Race,27,3,0
247,2020-11-02T00:00:00.000,Three Rivers,Two or more races,13,1,0
248,2020-11-02T00:00:00.000,Three Rivers,White,965,66,23
249,2020-11-02T00:00:00.000,Virginia Beach,Asian or Pacific Islander,332,30,6
250,2020-11-02T00:00:00.000,Virginia Beach,Black,1961,149,31
251,2020-11-02T00:00:00.000,Virginia Beach,Latino,571,31,4
252,2020-11-02T00:00:00.000,Virginia Beach,Native American,13,0,0
253,2020-11-02T00:00:00.000,Virginia Beach,Not Reported,2078,15,2
254,2020-11-02T00:00:00.000,Virginia Beach,Other Race,135,4,0
255,2020-11-02T00:00:00.000,Virginia Beach,Two or more races,94,5,2
256,2020-11-02T00:00:00.000,Virginia Beach,White,3064,216,62
257,2020-11-02T00:00:00.000,Western Tidewater,Asian or Pacific Islander,22,2,3
258,2020-11-02T00:00:00.000,Western Tidewater,Black,2092,150,71
259,2020-11-02T00:00:00.000,Western Tidewater,Latino,60,1,2
260,2020-11-02T00:00:00.000,Western Tidewater,Native American,3,0,0
261,2020-11-02T00:00:00.000,Western Tidewater,Not Reported,1045,5,1
262,2020-11-02T00:00:00.000,Western Tidewater,Other Race,101,1,2
263,2020-11-02T00:00:00.000,Western Tidewater,Two or more races,91,1,0
264,2020-11-02T00:00:00.000,Western Tidewater,White,1271,78,76
265,2020-11-02T00:00:00.000,West Piedmont,Asian or Pacific Islander,13,2,1
266,2020-11-02T00:00:00.000,West Piedmont,Black,599,102,19
267,2020-11-02T00:00:00.000,West Piedmont,Latino,303,12,1
268,2020-11-02T00:00:00.000,West Piedmont,Native American,2,0,0
269,2020-11-02T00:00:00.000,West Piedmont,Not Reported,732,21,3
270,2020-11-02T00:00:00.000,West Piedmont,Other Race,11,1,1
271,2020-11-02T00:00:00.000,West Piedmont,Two or more races,14,0,0
272,2020-11-02T00:00:00.000,West Piedmont,White,1524,169,65
273,2020-11-01T00:00:00.000,Alexandria,Asian or Pacific Islander,162,11,1
274,2020-11-01T00:00:00.000,Alexandria,Asian or Pacific Islander,162,11,1
275,2020-11-01T00:00:00.000,Alexandria,Black,900,101,19
276,2020-11-01T00:00:00.000,Alexandria,Black,900,101,19
277,2020-11-01T00:00:00.000,Alexandria,Latino,1989,137,13
278,2020-11-01T00:00:00.000,Alexandria,Latino,1989,137,13
279,2020-11-01T00:00:00.000,Alexandria,Native American,4,0,0
280,2020-11-01T00:00:00.000,Alexandria,Native American,4,0,0
281,2020-11-01T00:00:00.000,Alexandria,Not Reported,256,3,1
282,2020-11-01T00:00:00.000,Alexandria,Not Reported,256,3,1
283,2020-11-01T00:00:00.000,Alexandria,Other Race,108,10,2
284,2020-11-01T00:00:00.000,Alexandria,Other Race,108,10,2
285,2020-11-01T00:00:00.000,Alexandria,Two or more races,29,2,0
286,2020-11-01T00:00:00.000,Alexandria,Two or more races,29,2,0
287,2020-11-01T00:00:00.000,Alexandria,White,901,61,38
288,2020-11-01T00:00:00.000,Alexandria,White,901,61,38
289,2020-11-01T00:00:00.000,Alleghany,Asian or Pacific Islander,37,0,0
290,2020-11-01T00:00:00.000,Alleghany,Asian or Pacific Islander,37,0,0
291,2020-11-01T00:00:00.000,Alleghany,Black,210,8,4
292,2020-11-01T00:00:00.000,Alleghany,Black,210,8,4
293,2020-11-01T00:00:00.000,Alleghany,Latino,194,13,0
294,2020-11-01T00:00:00.000,Alleghany,Latino,194,13,0
295,2020-11-01T00:00:00.000,Alleghany,Not Reported,839,5,1
296,2020-11-01T00:00:00.000,Alleghany,Not Reported,839,5,1
297,2020-11-01T00:00:00.000,Alleghany,Other Race,27,1,0
298,2020-11-01T00:00:00.000,Alleghany,Other Race,27,1,0
299,2020-11-01T00:00:00.000,Alleghany,Two or more races,20,0,0
300,2020-11-01T00:00:00.000,Alleghany,Two or more races,20,0,0
301,2020-11-01T00:00:00.000,Alleghany,White,1676,91,36
302,2020-11-01T00:00:00.000,Alleghany,White,1676,91,36
303,2020-11-01T00:00:00.000,Alleghany and Roanoke,Native American,6,0,0
304,2020-11-01T00:00:00.000,Alleghany and Roanoke,Native American,6,0,0
305,2020-11-01T00:00:00.000,Arlington,Asian or Pacific Islander,237,28,13
306,2020-11-01T00:00:00.000,Arlington,Asian or Pacific Islander,237,28,13
307,2020-11-01T00:00:00.000,Arlington,Black,470,90,36
308,2020-11-01T00:00:00.000,Arlington,Black,470,90,36
309,2020-11-01T00:00:00.000,Arlington,Latino,1950,258,27
310,2020-11-01T00:00:00.000,Arlington,Latino,1950,258,27
311,2020-11-01T00:00:00.000,Arlington,Native American,5,0,0
312,2020-11-01T00:00:00.000,Arlington,Native American,5,0,0
313,2020-11-01T00:00:00.000,Arlington,Not Reported,480,3,0
314,2020-11-01T00:00:00.000,Arlington,Not Reported,480,3,0
315,2020-11-01T00:00:00.000,Arlington,Other Race,114,11,4
316,2020-11-01T00:00:00.000,Arlington,Other Race,114,11,4
317,2020-11-01T00:00:00.000,Arlington,Two or more races,53,4,0
318,2020-11-01T00:00:00.000,Arlington,Two or more races,53,4,0
319,2020-11-01T00:00:00.000,Arlington,White,1455,147,74
320,2020-11-01T00:00:00.000,Arlington,White,1455,147,74
321,2020-11-01T00:00:00.000,Central Shenandoah,Asian or Pacific Islander,93,2,0
322,2020-11-01T00:00:00.000,Central Shenandoah,Asian or Pacific Islander,93,2,0
323,2020-11-01T00:00:00.000,Central Shenandoah,Black,285,16,5
324,2020-11-01T00:00:00.000,Central Shenandoah,Black,285,16,5
325,2020-11-01T00:00:00.000,Central Shenandoah,Latino,1260,60,6
326,2020-11-01T00:00:00.000,Central Shenandoah,Latino,1260,60,6
327,2020-11-01T00:00:00.000,Central Shenandoah,Native American,4,1,0
328,2020-11-01T00:00:00.000,Central Shenandoah,Native American,4,1,0
329,2020-11-01T00:00:00.000,Central Shenandoah,Not Reported,1105,5,1
330,2020-11-01T00:00:00.000,Central Shenandoah,Not Reported,1105,5,1
331,2020-11-01T00:00:00.000,Central Shenandoah,Other Race,98,2,0
332,2020-11-01T00:00:00.000,Central Shenandoah,Other Race,98,2,0
333,2020-11-01T00:00:00.000,Central Shenandoah,Two or more races,58,1,0
334,2020-11-01T00:00:00.000,Central Shenandoah,Two or more races,58,1,0
335,2020-11-01T00:00:00.000,Central Shenandoah,White,4180,221,72
336,2020-11-01T00:00:00.000,Central Shenandoah,White,4180,221,72
337,2020-11-01T00:00:00.000,Central Virginia,Asian or Pacific Islander,35,1,0
338,2020-11-01T00:00:00.000,Central Virginia,Asian or Pacific Islander,35,1,0
339,2020-11-01T00:00:00.000,Central Virginia,Black,488,42,17
340,2020-11-01T00:00:00.000,Central Virginia,Black,488,42,17
341,2020-11-01T00:00:00.000,Central Virginia,Latino,105,8,4
342,2020-11-01T00:00:00.000,Central Virginia,Latino,105,8,4
343,2020-11-01T00:00:00.000,Central Virginia,Native American,9,0,0
344,2020-11-01T00:00:00.000,Central Virginia,Native American,9,0,0
345,2020-11-01T00:00:00.000,Central Virginia,Not Reported,2273,29,6
346,2020-11-01T00:00:00.000,Central Virginia,Not Reported,2273,29,6
347,2020-11-01T00:00:00.000,Central Virginia,Other Race,32,1,0
348,2020-11-01T00:00:00.000,Central Virginia,Other Race,32,1,0
349,2020-11-01T00:00:00.000,Central Virginia,Two or more races,25,0,0
350,2020-11-01T00:00:00.000,Central Virginia,Two or more races,25,0,0
351,2020-11-01T00:00:00.000,Central Virginia,White,2150,122,39
352,2020-11-01T00:00:00.000,Central Virginia,White,2150,122,39
353,2020-11-01T00:00:00.000,Chesapeake,Asian or Pacific Islander,97,12,6
354,2020-11-01T00:00:00.000,Chesapeake,Asian or Pacific Islander,97,12,6
355,2020-11-01T00:00:00.000,Chesapeake,Black,1963,259,36
356,2020-11-01T00:00:00.000,Chesapeake,Black,1963,259,36
357,2020-11-01T00:00:00.000,Chesapeake,Latino,404,29,2
358,2020-11-01T00:00:00.000,Chesapeake,Latino,404,29,2
359,2020-11-01T00:00:00.000,Chesapeake,Native American,12,0,0
360,2020-11-01T00:00:00.000,Chesapeake,Native American,12,0,0
361,2020-11-01T00:00:00.000,Chesapeake,Not Reported,620,4,0
362,2020-11-01T00:00:00.000,Chesapeake,Not Reported,620,4,0
363,2020-11-01T00:00:00.000,Chesapeake,Other Race,58,5,1
364,2020-11-01T00:00:00.000,Chesapeake,Other Race,58,5,1
365,2020-11-01T00:00:00.000,Chesapeake,Two or more races,63,4,1
366,2020-11-01T00:00:00.000,Chesapeake,Two or more races,63,4,1
367,2020-11-01T00:00:00.000,Chesapeake,White,1821,170,33
368,2020-11-01T00:00:00.000,Chesapeake,White,1821,170,33
369,2020-11-01T00:00:00.000,Chesterfield,Asian or Pacific Islander,119,7,1
370,2020-11-01T00:00:00.000,Chesterfield,Asian or Pacific Islander,119,7,1
371,2020-11-01T00:00:00.000,Chesterfield,Black,1579,141,36
372,2020-11-01T00:00:00.000,Chesterfield,Black,1579,141,36
373,2020-11-01T00:00:00.000,Chesterfield,Latino,2101,119,9
374,2020-11-01T00:00:00.000,Chesterfield,Latino,2101,119,9
375,2020-11-01T00:00:00.000,Chesterfield,Native American,9,1,0
376,2020-11-01T00:00:00.000,Chesterfield,Native American,9,1,0
377,2020-11-01T00:00:00.000,Chesterfield,Not Reported,1544,5,13
378,2020-11-01T00:00:00.000,Chesterfield,Not Reported,1544,5,13
379,2020-11-01T00:00:00.000,Chesterfield,Other Race,181,14,0
380,2020-11-01T00:00:00.000,Chesterfield,Other Race,181,14,0
381,2020-11-01T00:00:00.000,Chesterfield,Two or more races,58,6,0
382,2020-11-01T00:00:00.000,Chesterfield,Two or more races,58,6,0
383,2020-11-01T00:00:00.000,Chesterfield,White,2352,182,92
384,2020-11-01T00:00:00.000,Chesterfield,White,2352,182,92
385,2020-11-01T00:00:00.000,Chickahominy,Asian or Pacific Islander,20,1,0
386,2020-11-01T00:00:00.000,Chickahominy,Asian or Pacific Islander,20,1,0
387,2020-11-01T00:00:00.000,Chickahominy,Black,434,59,12
388,2020-11-01T00:00:00.000,Chickahominy,Black,434,59,12
389,2020-11-01T00:00:00.000,Chickahominy,Latino,111,6,0
390,2020-11-01T00:00:00.000,Chickahominy,Latino,111,6,0
391,2020-11-01T00:00:00.000,Chickahominy,Native American,8,1,0
392,2020-11-01T00:00:00.000,Chickahominy,Native American,8,1,0
393,2020-11-01T00:00:00.000,Chickahominy,Not Reported,555,2,1
394,2020-11-01T00:00:00.000,Chickahominy,Not Reported,555,2,1
395,2020-11-01T00:00:00.000,Chickahominy,Other Race,26,3,0
396,2020-11-01T00:00:00.000,Chickahominy,Other Race,26,3,0
397,2020-11-01T00:00:00.000,Chickahominy,Two or more races,9,1,0
398,2020-11-01T00:00:00.000,Chickahominy,Two or more races,9,1,0
399,2020-11-01T00:00:00.000,Chickahominy,White,1304,126,46
400,2020-11-01T00:00:00.000,Chickahominy,White,1304,126,46
401,2020-11-01T00:00:00.000,Crater,Asian or Pacific Islander,30,0,0
402,2020-11-01T00:00:00.000,Crater,Asian or Pacific Islander,30,0,0
403,2020-11-01T00:00:00.000,Crater,Black,2519,223,75
404,2020-11-01T00:00:00.000,Crater,Black,2519,223,75
405,2020-11-01T00:00:00.000,Crater,Latino,246,11,5
406,2020-11-01T00:00:00.000,Crater,Latino,246,11,5
407,2020-11-01T00:00:00.000,Crater,Native American,7,1,1
408,2020-11-01T00:00:00.000,Crater,Native American,7,1,1
409,2020-11-01T00:00:00.000,Crater,Not Reported,1130,10,5
410,2020-11-01T00:00:00.000,Crater,Not Reported,1130,10,5
411,2020-11-01T00:00:00.000,Crater,Other Race,67,0,1
412,2020-11-01T00:00:00.000,Crater,Other Race,67,0,1
413,2020-11-01T00:00:00.000,Crater,Two or more races,13,0,0
414,2020-11-01T00:00:00.000,Crater,Two or more races,13,0,0
415,2020-11-01T00:00:00.000,Crater,White,1130,65,31
416,2020-11-01T00:00:00.000,Crater,White,1130,65,31
417,2020-11-01T00:00:00.000,Cumberland Plateau,Black,58,0,0
418,2020-11-01T00:00:00.000,Cumberland Plateau,Black,58,0,0
419,2020-11-01T00:00:00.000,Cumberland Plateau,Latino,15,0,0
420,2020-11-01T00:00:00.000,Cumberland Plateau,Latino,15,0,0
421,2020-11-01T00:00:00.000,Cumberland Plateau,Not Reported,131,4,0
422,2020-11-01T00:00:00.000,Cumberland Plateau,Not Reported,131,4,0
423,2020-11-01T00:00:00.000,Cumberland Plateau,Other Race,6,1,0
424,2020-11-01T00:00:00.000,Cumberland Plateau,Other Race,6,1,0
425,2020-11-01T00:00:00.000,Cumberland Plateau,Two or more races,10,0,0
426,2020-11-01T00:00:00.000,Cumberland Plateau,Two or more races,10,0,0
427,2020-11-01T00:00:00.000,Cumberland Plateau,White,1291,94,15
428,2020-11-01T00:00:00.000,Cumberland Plateau,White,1291,94,15
429,2020-11-01T00:00:00.000,Cumberland Plateau and Lenowisco,Asian or Pacific Islander,2,0,0
430,2020-11-01T00:00:00.000,Cumberland Plateau and Lenowisco,Asian or Pacific Islander,2,0,0
431,2020-11-01T00:00:00.000,"Cumberland Plateau, Lenowisco, and Mount Rogers",Native American,4,0,0
432,2020-11-01T00:00:00.000,"Cumberland Plateau, Lenowisco, and Mount Rogers",Native American,4,0,0
433,2020-11-01T00:00:00.000,Eastern Shore,Black,874,100,29
434,2020-11-01T00:00:00.000,Eastern Shore,Black,874,100,29
435,2020-11-01T00:00:00.000,Eastern Shore,Latino,275,11,3
436,2020-11-01T00:00:00.000,Eastern Shore,Latino,275,11,3
437,2020-11-01T00:00:00.000,Eastern Shore,Not Reported,79,0,0
438,2020-11-01T00:00:00.000,Eastern Shore,Not Reported,79,0,0
439,2020-11-01T00:00:00.000,Eastern Shore,Other Race,13,1,0
440,2020-11-01T00:00:00.000,Eastern Shore,Other Race,13,1,0
441,2020-11-01T00:00:00.000,Eastern Shore,Two or more races,1,1,0
442,2020-11-01T00:00:00.000,Eastern Shore,Two or more races,1,1,0
443,2020-11-01T00:00:00.000,Eastern Shore,White,300,34,18
444,2020-11-01T00:00:00.000,Eastern Shore,White,300,34,18
445,2020-11-01T00:00:00.000,Eastern Shore and Three Rivers,Asian or Pacific Islander,14,1,0
446,2020-11-01T00:00:00.000,Eastern Shore and Three Rivers,Asian or Pacific Islander,14,1,0
447,2020-11-01T00:00:00.000,Eastern Shore and Three Rivers,Native American,2,0,0
448,2020-11-01T00:00:00.000,Eastern Shore and Three Rivers,Native American,2,0,0
449,2020-11-01T00:00:00.000,Fairfax,Asian or Pacific Islander,2172,284,78
450,2020-11-01T00:00:00.000,Fairfax,Asian or Pacific Islander,2172,284,78
451,2020-11-01T00:00:00.000,Fairfax,Black,2001,262,66
452,2020-11-01T00:00:00.000,Fairfax,Black,2001,262,66
453,2020-11-01T00:00:00.000,Fairfax,Latino,11216,1062,105
454,2020-11-01T00:00:00.000,Fairfax,Latino,11216,1062,105
455,2020-11-01T00:00:00.000,Fairfax,Native American,37,1,1
456,2020-11-01T00:00:00.000,Fairfax,Native American,37,1,1
457,2020-11-01T00:00:00.000,Fairfax,Not Reported,2709,42,31
458,2020-11-01T00:00:00.000,Fairfax,Not Reported,2709,42,31
459,2020-11-01T00:00:00.000,Fairfax,Other Race,963,92,19
460,2020-11-01T00:00:00.000,Fairfax,Other Race,963,92,19
461,2020-11-01T00:00:00.000,Fairfax,Two or more races,145,6,0
462,2020-11-01T00:00:00.000,Fairfax,Two or more races,145,6,0
463,2020-11-01T00:00:00.000,Fairfax,White,5232,565,320
464,2020-11-01T00:00:00.000,Fairfax,White,5232,565,320
465,2020-11-01T00:00:00.000,Hampton,Asian or Pacific Islander,19,0,0
466,2020-11-01T00:00:00.000,Hampton,Asian or Pacific Islander,19,0,0
467,2020-11-01T00:00:00.000,Hampton,Black,1002,70,23
468,2020-11-01T00:00:00.000,Hampton,Black,1002,70,23
469,2020-11-01T00:00:00.000,Hampton,Latino,91,5,0
470,2020-11-01T00:00:00.000,Hampton,Latino,91,5,0
471,2020-11-01T00:00:00.000,Hampton,Native American,3,0,1
472,2020-11-01T00:00:00.000,Hampton,Native American,3,0,1
473,2020-11-01T00:00:00.000,Hampton,Not Reported,628,2,1
474,2020-11-01T00:00:00.000,Hampton,Not Reported,628,2,1
475,2020-11-01T00:00:00.000,Hampton,Other Race,71,2,1
476,2020-11-01T00:00:00.000,Hampton,Other Race,71,2,1
477,2020-11-01T00:00:00.000,Hampton,Two or more races,19,0,0
478,2020-11-01T00:00:00.000,Hampton,Two or more races,19,0,0
479,2020-11-01T00:00:00.000,Hampton,White,366,14,7
480,2020-11-01T00:00:00.000,Hampton,White,366,14,7
481,2020-11-01T00:00:00.000,Henrico,Asian or Pacific Islander,261,13,4
482,2020-11-01T00:00:00.000,Henrico,Asian or Pacific Islander,261,13,4
483,2020-11-01T00:00:00.000,Henrico,Black,2051,231,102
484,2020-11-01T00:00:00.000,Henrico,Black,2051,231,102
485,2020-11-01T00:00:00.000,Henrico,Latino,984,60,11
486,2020-11-01T00:00:00.000,Henrico,Latino,984,60,11
487,2020-11-01T00:00:00.000,Henrico,Native American,12,0,0
488,2020-11-01T00:00:00.000,Henrico,Native American,12,0,0
489,2020-11-01T00:00:00.000,Henrico,Not Reported,1013,4,4
490,2020-11-01T00:00:00.000,Henrico,Not Reported,1013,4,4
491,2020-11-01T00:00:00.000,Henrico,Other Race,212,16,0
492,2020-11-01T00:00:00.000,Henrico,Other Race,212,16,0
493,2020-11-01T00:00:00.000,Henrico,Two or more races,97,7,2
494,2020-11-01T00:00:00.000,Henrico,Two or more races,97,7,2
495,2020-11-01T00:00:00.000,Henrico,White,1896,162,117
496,2020-11-01T00:00:00.000,Henrico,White,1896,162,117
497,2020-11-01T00:00:00.000,Lenowisco,Black,52,2,1
498,2020-11-01T00:00:00.000,Lenowisco,Black,52,2,1
499,2020-11-01T00:00:00.000,Lenowisco,Latino,37,0,0
500,2020-11-01T00:00:00.000,Lenowisco,Latino,37,0,0
501,2020-11-01T00:00:00.000,Lenowisco,Not Reported,219,4,4
502,2020-11-01T00:00:00.000,Lenowisco,Not Reported,219,4,4
503,2020-11-01T00:00:00.000,Lenowisco,Other Race,12,0,0
504,2020-11-01T00:00:00.000,Lenowisco,Other Race,12,0,0
505,2020-11-01T00:00:00.000,Lenowisco,Two or more races,21,1,0
506,2020-11-01T00:00:00.000,Lenowisco,Two or more races,21,1,0
507,2020-11-01T00:00:00.000,Lenowisco,White,1461,107,21
508,2020-11-01T00:00:00.000,Lenowisco,White,1461,107,21
509,2020-11-01T00:00:00.000,Lord Fairfax,Asian or Pacific Islander,20,1,0
510,2020-11-01T00:00:00.000,Lord Fairfax,Asian or Pacific Islander,20,1,0
511,2020-11-01T00:00:00.000,Lord Fairfax,Black,171,24,7
512,2020-11-01T00:00:00.000,Lord Fairfax,Black,171,24,7
513,2020-11-01T00:00:00.000,Lord Fairfax,Latino,887,60,9
514,2020-11-01T00:00:00.000,Lord Fairfax,Latino,887,60,9
515,2020-11-01T00:00:00.000,Lord Fairfax,Native American,3,1,1
516,2020-11-01T00:00:00.000,Lord Fairfax,Native American,3,1,1
517,2020-11-01T00:00:00.000,Lord Fairfax,Not Reported,477,5,6
518,2020-11-01T00:00:00.000,Lord Fairfax,Not Reported,477,5,6
519,2020-11-01T00:00:00.000,Lord Fairfax,Other Race,90,6,1
520,2020-11-01T00:00:00.000,Lord Fairfax,Other Race,90,6,1
521,2020-11-01T00:00:00.000,Lord Fairfax,Two or more races,26,0,0
522,2020-11-01T00:00:00.000,Lord Fairfax,Two or more races,26,0,0
523,2020-11-01T00:00:00.000,Lord Fairfax,White,2417,240,108
524,2020-11-01T00:00:00.000,Lord Fairfax,White,2417,240,108
525,2020-11-01T00:00:00.000,Loudoun,Asian or Pacific Islander,545,61,12
526,2020-11-01T00:00:00.000,Loudoun,Asian or Pacific Islander,545,61,12
527,2020-11-01T00:00:00.000,Loudoun,Black,374,36,7
528,2020-11-01T00:00:00.000,Loudoun,Black,374,36,7
529,2020-11-01T00:00:00.000,Loudoun,Latino,2690,235,16
530,2020-11-01T00:00:00.000,Loudoun,Latino,2690,235,16
531,2020-11-01T00:00:00.000,Loudoun,Native American,6,0,0
532,2020-11-01T00:00:00.000,Loudoun,Native American,6,0,0
533,2020-11-01T00:00:00.000,Loudoun,Not Reported,2025,5,0
534,2020-11-01T00:00:00.000,Loudoun,Not Reported,2025,5,0
535,2020-11-01T00:00:00.000,Loudoun,Other Race,284,17,3
536,2020-11-01T00:00:00.000,Loudoun,Other Race,284,17,3
537,2020-11-01T00:00:00.000,Loudoun,Two or more races,68,2,0
538,2020-11-01T00:00:00.000,Loudoun,Two or more races,68,2,0
539,2020-11-01T00:00:00.000,Loudoun,White,2056,131,94
540,2020-11-01T00:00:00.000,Loudoun,White,2056,131,94
541,2020-11-01T00:00:00.000,Mount Rogers,Asian or Pacific Islander,7,1,0
542,2020-11-01T00:00:00.000,Mount Rogers,Asian or Pacific Islander,7,1,0
543,2020-11-01T00:00:00.000,Mount Rogers,Black,91,9,3
544,2020-11-01T00:00:00.000,Mount Rogers,Black,91,9,3
545,2020-11-01T00:00:00.000,Mount Rogers,Latino,317,7,0
546,2020-11-01T00:00:00.000,Mount Rogers,Latino,317,7,0
547,2020-11-01T00:00:00.000,Mount Rogers,Not Reported,251,11,7
548,2020-11-01T00:00:00.000,Mount Rogers,Not Reported,251,11,7
549,2020-11-01T00:00:00.000,Mount Rogers,Other Race,16,2,2
550,2020-11-01T00:00:00.000,Mount Rogers,Other Race,16,2,2
551,2020-11-01T00:00:00.000,Mount Rogers,Two or more races,13,1,0
552,2020-11-01T00:00:00.000,Mount Rogers,Two or more races,13,1,0
553,2020-11-01T00:00:00.000,Mount Rogers,White,3274,288,138
554,2020-11-01T00:00:00.000,Mount Rogers,White,3274,288,138
555,2020-11-01T00:00:00.000,New River,Asian or Pacific Islander,123,0,0
556,2020-11-01T00:00:00.000,New River,Asian or Pacific Islander,123,0,0
557,2020-11-01T00:00:00.000,New River,Black,276,5,1
558,2020-11-01T00:00:00.000,New River,Black,276,5,1
559,2020-11-01T00:00:00.000,New River,Latino,253,5,0
560,2020-11-01T00:00:00.000,New River,Latino,253,5,0
561,2020-11-01T00:00:00.000,New River,Native American,5,0,0
562,2020-11-01T00:00:00.000,New River,Native American,5,0,0
563,2020-11-01T00:00:00.000,New River,Not Reported,1046,12,0
564,2020-11-01T00:00:00.000,New River,Not Reported,1046,12,0
565,2020-11-01T00:00:00.000,New River,Other Race,20,0,0
566,2020-11-01T00:00:00.000,New River,Other Race,20,0,0
567,2020-11-01T00:00:00.000,New River,Two or more races,95,3,0
568,2020-11-01T00:00:00.000,New River,Two or more races,95,3,0
569,2020-11-01T00:00:00.000,New River,White,2821,65,26
570,2020-11-01T00:00:00.000,New River,White,2821,65,26
571,2020-11-01T00:00:00.000,Norfolk,Asian or Pacific Islander,77,9,0
572,2020-11-01T00:00:00.000,Norfolk,Asian or Pacific Islander,77,9,0
573,2020-11-01T00:00:00.000,Norfolk,Black,2610,288,58
574,2020-11-01T00:00:00.000,Norfolk,Black,2610,288,58
575,2020-11-01T00:00:00.000,Norfolk,Latino,417,30,0
576,2020-11-01T00:00:00.000,Norfolk,Latino,417,30,0
577,2020-11-01T00:00:00.000,Norfolk,Native American,9,1,1
578,2020-11-01T00:00:00.000,Norfolk,Native American,9,1,1
579,2020-11-01T00:00:00.000,Norfolk,Not Reported,1108,4,1
580,2020-11-01T00:00:00.000,Norfolk,Not Reported,1108,4,1
581,2020-11-01T00:00:00.000,Norfolk,Other Race,102,5,2
582,2020-11-01T00:00:00.000,Norfolk,Other Race,102,5,2
583,2020-11-01T00:00:00.000,Norfolk,Two or more races,60,3,0
584,2020-11-01T00:00:00.000,Norfolk,Two or more races,60,3,0
585,2020-11-01T00:00:00.000,Norfolk,White,1111,72,22
586,2020-11-01T00:00:00.000,Norfolk,White,1111,72,22
587,2020-11-01T00:00:00.000,Peninsula,Asian or Pacific Islander,68,5,7
588,2020-11-01T00:00:00.000,Peninsula,Asian or Pacific Islander,68,5,7
589,2020-11-01T00:00:00.000,Peninsula,Black,1414,93,29
590,2020-11-01T00:00:00.000,Peninsula,Black,1414,93,29
591,2020-11-01T00:00:00.000,Peninsula,Latino,450,24,2
592,2020-11-01T00:00:00.000,Peninsula,Latino,450,24,2
593,2020-11-01T00:00:00.000,Peninsula,Native American,7,2,1
594,2020-11-01T00:00:00.000,Peninsula,Native American,7,2,1
595,2020-11-01T00:00:00.000,Peninsula,Not Reported,1679,3,0
596,2020-11-01T00:00:00.000,Peninsula,Not Reported,1679,3,0
597,2020-11-01T00:00:00.000,Peninsula,Other Race,184,3,0
598,2020-11-01T00:00:00.000,Peninsula,Other Race,184,3,0
599,2020-11-01T00:00:00.000,Peninsula,Two or more races,66,4,1
600,2020-11-01T00:00:00.000,Peninsula,Two or more races,66,4,1
601,2020-11-01T00:00:00.000,Peninsula,White,1368,94,52
602,2020-11-01T00:00:00.000,Peninsula,White,1368,94,52
603,2020-11-01T00:00:00.000,Piedmont,Asian or Pacific Islander,12,0,1
604,2020-11-01T00:00:00.000,Piedmont,Asian or Pacific Islander,12,0,1
605,2020-11-01T00:00:00.000,Piedmont,Black,715,77,23
606,2020-11-01T00:00:00.000,Piedmont,Black,715,77,23
607,2020-11-01T00:00:00.000,Piedmont,Latino,79,9,2
608,2020-11-01T00:00:00.000,Piedmont,Latino,79,9,2
609,2020-11-01T00:00:00.000,Piedmont,Native American,5,0,0
610,2020-11-01T00:00:00.000,Piedmont,Native American,5,0,0
611,2020-11-01T00:00:00.000,Piedmont,Not Reported,879,11,2
612,2020-11-01T00:00:00.000,Piedmont,Not Reported,879,11,2
613,2020-11-01T00:00:00.000,Piedmont,Other Race,15,0,0
614,2020-11-01T00:00:00.000,Piedmont,Other Race,15,0,0
615,2020-11-01T00:00:00.000,Piedmont,Two or more races,9,2,0
616,2020-11-01T00:00:00.000,Piedmont,Two or more races,9,2,0
617,2020-11-01T00:00:00.000,Piedmont,White,857,64,28
618,2020-11-01T00:00:00.000,Piedmont,White,857,64,28
619,2020-11-01T00:00:00.000,Pittsylvania-Danville,Asian or Pacific Islander,4,0,0
620,2020-11-01T00:00:00.000,Pittsylvania-Danville,Asian or Pacific Islander,4,0,0
621,2020-11-01T00:00:00.000,Pittsylvania-Danville,Black,857,104,21
622,2020-11-01T00:00:00.000,Pittsylvania-Danville,Black,857,104,21
623,2020-11-01T00:00:00.000,Pittsylvania-Danville,Latino,95,5,0
624,2020-11-01T00:00:00.000,Pittsylvania-Danville,Latino,95,5,0
625,2020-11-01T00:00:00.000,Pittsylvania-Danville,Not Reported,795,15,2
626,2020-11-01T00:00:00.000,Pittsylvania-Danville,Not Reported,795,15,2
627,2020-11-01T00:00:00.000,Pittsylvania-Danville,Other Race,6,0,0
628,2020-11-01T00:00:00.000,Pittsylvania-Danville,Other Race,6,0,0
629,2020-11-01T00:00:00.000,Pittsylvania-Danville,Two or more races,7,0,0
630,2020-11-01T00:00:00.000,Pittsylvania-Danville,Two or more races,7,0,0
631,2020-11-01T00:00:00.000,Pittsylvania-Danville,White,861,83,38
632,2020-11-01T00:00:00.000,Pittsylvania-Danville,White,861,83,38
633,2020-11-01T00:00:00.000,Pittsylvania-Danville and Southside,Native American,1,0,0
634,2020-11-01T00:00:00.000,Pittsylvania-Danville and Southside,Native American,1,0,0
635,2020-11-01T00:00:00.000,Portsmouth,Asian or Pacific Islander,21,1,0
636,2020-11-01T00:00:00.000,Portsmouth,Asian or Pacific Islander,21,1,0
637,2020-11-01T00:00:00.000,Portsmouth,Black,1764,237,49
638,2020-11-01T00:00:00.000,Portsmouth,Black,1764,237,49
639,2020-11-01T00:00:00.000,Portsmouth,Latino,98,11,1
640,2020-11-01T00:00:00.000,Portsmouth,Latino,98,11,1
641,2020-11-01T00:00:00.000,Portsmouth,Native American,4,2,0
642,2020-11-01T00:00:00.000,Portsmouth,Native American,4,2,0
643,2020-11-01T00:00:00.000,Portsmouth,Not Reported,454,8,1
644,2020-11-01T00:00:00.000,Portsmouth,Not Reported,454,8,1
645,2020-11-01T00:00:00.000,Portsmouth,Other Race,64,10,5
646,2020-11-01T00:00:00.000,Portsmouth,Other Race,64,10,5
647,2020-11-01T00:00:00.000,Portsmouth,Two or more races,23,6,0
648,2020-11-01T00:00:00.000,Portsmouth,Two or more races,23,6,0
649,2020-11-01T00:00:00.000,Portsmouth,White,437,46,13
650,2020-11-01T00:00:00.000,Portsmouth,White,437,46,13
651,2020-11-01T00:00:00.000,Prince William,Asian or Pacific Islander,695,63,21
652,2020-11-01T00:00:00.000,Prince William,Asian or Pacific Islander,695,63,21
653,2020-11-01T00:00:00.000,Prince William,Black,1789,189,59
654,2020-11-01T00:00:00.000,Prince William,Black,1789,189,59
655,2020-11-01T00:00:00.000,Prince William,Latino,7314,697,79
656,2020-11-01T00:00:00.000,Prince William,Latino,7314,697,79
657,2020-11-01T00:00:00.000,Prince William,Native American,30,1,1
658,2020-11-01T00:00:00.000,Prince William,Native American,30,1,1
659,2020-11-01T00:00:00.000,Prince William,Not Reported,4433,27,0
660,2020-11-01T00:00:00.000,Prince William,Not Reported,4433,27,0
661,2020-11-01T00:00:00.000,Prince William,Other Race,622,24,0
662,2020-11-01T00:00:00.000,Prince William,Other Race,622,24,0
663,2020-11-01T00:00:00.000,Prince William,Two or more races,133,1,0
664,2020-11-01T00:00:00.000,Prince William,Two or more races,133,1,0
665,2020-11-01T00:00:00.000,Prince William,White,2253,203,98
666,2020-11-01T00:00:00.000,Prince William,White,2253,203,98
667,2020-11-01T00:00:00.000,Rappahannock,Asian or Pacific Islander,106,11,3
668,2020-11-01T00:00:00.000,Rappahannock,Asian or Pacific Islander,106,11,3
669,2020-11-01T00:00:00.000,Rappahannock,Black,1051,110,20
670,2020-11-01T00:00:00.000,Rappahannock,Black,1051,110,20
671,2020-11-01T00:00:00.000,Rappahannock,Latino,1493,114,9
672,2020-11-01T00:00:00.000,Rappahannock,Latino,1493,114,9
673,2020-11-01T00:00:00.000,Rappahannock,Native American,6,0,0
674,2020-11-01T00:00:00.000,Rappahannock,Native American,6,0,0
675,2020-11-01T00:00:00.000,Rappahannock,Not Reported,1549,26,0
676,2020-11-01T00:00:00.000,Rappahannock,Not Reported,1549,26,0
677,2020-11-01T00:00:00.000,Rappahannock,Other Race,158,4,0
678,2020-11-01T00:00:00.000,Rappahannock,Other Race,158,4,0
679,2020-11-01T00:00:00.000,Rappahannock,Two or more races,54,3,0
680,2020-11-01T00:00:00.000,Rappahannock,Two or more races,54,3,0
681,2020-11-01T00:00:00.000,Rappahannock,White,1883,170,61
682,2020-11-01T00:00:00.000,Rappahannock,White,1883,170,61
683,2020-11-01T00:00:00.000,Rappahannock Rapidan,Asian or Pacific Islander,18,1,0
684,2020-11-01T00:00:00.000,Rappahannock Rapidan,Asian or Pacific Islander,18,1,0
685,2020-11-01T00:00:00.000,Rappahannock Rapidan,Black,320,41,12
686,2020-11-01T00:00:00.000,Rappahannock Rapidan,Black,320,41,12
687,2020-11-01T00:00:00.000,Rappahannock Rapidan,Latino,890,65,8
688,2020-11-01T00:00:00.000,Rappahannock Rapidan,Latino,890,65,8
689,2020-11-01T00:00:00.000,Rappahannock Rapidan,Native American,2,0,0
690,2020-11-01T00:00:00.000,Rappahannock Rapidan,Native American,2,0,0
691,2020-11-01T00:00:00.000,Rappahannock Rapidan,Not Reported,725,13,7
692,2020-11-01T00:00:00.000,Rappahannock Rapidan,Not Reported,725,13,7
693,2020-11-01T00:00:00.000,Rappahannock Rapidan,Other Race,40,3,0
694,2020-11-01T00:00:00.000,Rappahannock Rapidan,Other Race,40,3,0
695,2020-11-01T00:00:00.000,Rappahannock Rapidan,Two or more races,42,3,0
696,2020-11-01T00:00:00.000,Rappahannock Rapidan,Two or more races,42,3,0
697,2020-11-01T00:00:00.000,Rappahannock Rapidan,White,1128,66,28
698,2020-11-01T00:00:00.000,Rappahannock Rapidan,White,1128,66,28
699,2020-11-01T00:00:00.000,Richmond,Asian or Pacific Islander,65,4,1
700,2020-11-01T00:00:00.000,Richmond,Asian or Pacific Islander,65,4,1
701,2020-11-01T00:00:00.000,Richmond,Black,1887,270,40
702,2020-11-01T00:00:00.000,Richmond,Black,1887,270,40
703,2020-11-01T00:00:00.000,Richmond,Latino,1448,117,8
704,2020-11-01T00:00:00.000,Richmond,Latino,1448,117,8
705,2020-11-01T00:00:00.000,Richmond,Native American,3,0,0
706,2020-11-01T00:00:00.000,Richmond,Native American,3,0,0
707,2020-11-01T00:00:00.000,Richmond,Not Reported,775,1,1
708,2020-11-01T00:00:00.000,Richmond,Not Reported,775,1,1
709,2020-11-01T00:00:00.000,Richmond,Other Race,181,8,2
710,2020-11-01T00:00:00.000,Richmond,Other Race,181,8,2
711,2020-11-01T00:00:00.000,Richmond,Two or more races,49,2,1
712,2020-11-01T00:00:00.000,Richmond,Two or more races,49,2,1
713,2020-11-01T00:00:00.000,Richmond,White,1048,53,24
714,2020-11-01T00:00:00.000,Richmond,White,1048,53,24
715,2020-11-01T00:00:00.000,Roanoke,Asian or Pacific Islander,45,3,0
716,2020-11-01T00:00:00.000,Roanoke,Asian or Pacific Islander,45,3,0
717,2020-11-01T00:00:00.000,Roanoke,Black,623,39,9
718,2020-11-01T00:00:00.000,Roanoke,Black,623,39,9
719,2020-11-01T00:00:00.000,Roanoke,Latino,492,33,0
720,2020-11-01T00:00:00.000,Roanoke,Latino,492,33,0
721,2020-11-01T00:00:00.000,Roanoke,Not Reported,952,2,1
722,2020-11-01T00:00:00.000,Roanoke,Not Reported,952,2,1
723,2020-11-01T00:00:00.000,Roanoke,Other Race,33,1,0
724,2020-11-01T00:00:00.000,Roanoke,Other Race,33,1,0
725,2020-11-01T00:00:00.000,Roanoke,Two or more races,17,2,0
726,2020-11-01T00:00:00.000,Roanoke,Two or more races,17,2,0
727,2020-11-01T00:00:00.000,Roanoke,White,788,29,33
728,2020-11-01T00:00:00.000,Roanoke,White,788,29,33
729,2020-11-01T00:00:00.000,Southside,Asian or Pacific Islander,3,0,0
730,2020-11-01T00:00:00.000,Southside,Asian or Pacific Islander,3,0,0
731,2020-11-01T00:00:00.000,Southside,Black,625,49,22
732,2020-11-01T00:00:00.000,Southside,Black,625,49,22
733,2020-11-01T00:00:00.000,Southside,Latino,9,0,0
734,2020-11-01T00:00:00.000,Southside,Latino,9,0,0
735,2020-11-01T00:00:00.000,Southside,Not Reported,685,8,5
736,2020-11-01T00:00:00.000,Southside,Not Reported,685,8,5
737,2020-11-01T00:00:00.000,Southside,Other Race,16,1,1
738,2020-11-01T00:00:00.000,Southside,Other Race,16,1,1
739,2020-11-01T00:00:00.000,Southside,Two or more races,57,0,0
740,2020-11-01T00:00:00.000,Southside,Two or more races,57,0,0
741,2020-11-01T00:00:00.000,Southside,White,486,33,20
742,2020-11-01T00:00:00.000,Southside,White,486,33,20
743,2020-11-01T00:00:00.000,Thomas Jefferson,Asian or Pacific Islander,134,1,1
744,2020-11-01T00:00:00.000,Thomas Jefferson,Asian or Pacific Islander,134,1,1
745,2020-11-01T00:00:00.000,Thomas Jefferson,Black,618,84,18
746,2020-11-01T00:00:00.000,Thomas Jefferson,Black,618,84,18
747,2020-11-01T00:00:00.000,Thomas Jefferson,Latino,757,34,3
748,2020-11-01T00:00:00.000,Thomas Jefferson,Latino,757,34,3
749,2020-11-01T00:00:00.000,Thomas Jefferson,Native American,5,0,0
750,2020-11-01T00:00:00.000,Thomas Jefferson,Native American,5,0,0
751,2020-11-01T00:00:00.000,Thomas Jefferson,Not Reported,367,3,0
752,2020-11-01T00:00:00.000,Thomas Jefferson,Not Reported,367,3,0
753,2020-11-01T00:00:00.000,Thomas Jefferson,Other Race,179,5,1
754,2020-11-01T00:00:00.000,Thomas Jefferson,Other Race,179,5,1
755,2020-11-01T00:00:00.000,Thomas Jefferson,Two or more races,99,3,0
756,2020-11-01T00:00:00.000,Thomas Jefferson,Two or more races,99,3,0
757,2020-11-01T00:00:00.000,Thomas Jefferson,White,2367,109,54
758,2020-11-01T00:00:00.000,Thomas Jefferson,White,2367,109,54
759,2020-11-01T00:00:00.000,Three Rivers,Black,794,59,14
760,2020-11-01T00:00:00.000,Three Rivers,Black,794,59,14
761,2020-11-01T00:00:00.000,Three Rivers,Latino,196,6,1
762,2020-11-01T00:00:00.000,Three Rivers,Latino,196,6,1
763,2020-11-01T00:00:00.000,Three Rivers,Not Reported,294,6,2
764,2020-11-01T00:00:00.000,Three Rivers,Not Reported,294,6,2
765,2020-11-01T00:00:00.000,Three Rivers,Other Race,27,3,0
766,2020-11-01T00:00:00.000,Three Rivers,Other Race,27,3,0
767,2020-11-01T00:00:00.000,Three Rivers,Two or more races,13,1,0
768,2020-11-01T00:00:00.000,Three Rivers,Two or more races,13,1,0
769,2020-11-01T00:00:00.000,Three Rivers,White,960,64,22
770,2020-11-01T00:00:00.000,Three Rivers,White,960,64,22
771,2020-11-01T00:00:00.000,Virginia Beach,Asian or Pacific Islander,330,30,6
772,2020-11-01T00:00:00.000,Virginia Beach,Asian or Pacific Islander,330,30,6
773,2020-11-01T00:00:00.000,Virginia Beach,Black,1949,148,31
774,2020-11-01T00:00:00.000,Virginia Beach,Black,1949,148,31
775,2020-11-01T00:00:00.000,Virginia Beach,Latino,566,31,4
776,2020-11-01T00:00:00.000,Virginia Beach,Latino,566,31,4
777,2020-11-01T00:00:00.000,Virginia Beach,Native American,13,0,0
778,2020-11-01T00:00:00.000,Virginia Beach,Native American,13,0,0
779,2020-11-01T00:00:00.000,Virginia Beach,Not Reported,2056,15,2
780,2020-11-01T00:00:00.000,Virginia Beach,Not Reported,2056,15,2
781,2020-11-01T00:00:00.000,Virginia Beach,Other Race,136,4,0
782,2020-11-01T00:00:00.000,Virginia Beach,Other Race,136,4,0
783,2020-11-01T00:00:00.000,Virginia Beach,Two or more races,92,5,2
784,2020-11-01T00:00:00.000,Virginia Beach,Two or more races,92,5,2
785,2020-11-01T00:00:00.000,Virginia Beach,White,3042,215,62
786,2020-11-01T00:00:00.000,Virginia Beach,White,3042,215,62
787,2020-11-01T00:00:00.000,Western Tidewater,Asian or Pacific Islander,22,2,3
788,2020-11-01T00:00:00.000,Western Tidewater,Asian or Pacific Islander,22,2,3
789,2020-11-01T00:00:00.000,Western Tidewater,Black,2088,149,71
790,2020-11-01T00:00:00.000,Western Tidewater,Black,2088,149,71
791,2020-11-01T00:00:00.000,Western Tidewater,Latino,58,1,2
792,2020-11-01T00:00:00.000,Western Tidewater,Latino,58,1,2
793,2020-11-01T00:00:00.000,Western Tidewater,Native American,3,0,0
794,2020-11-01T00:00:00.000,Western Tidewater,Native American,3,0,0
795,2020-11-01T00:00:00.000,Western Tidewater,Not Reported,1043,5,1
796,2020-11-01T00:00:00.000,Western Tidewater,Not Reported,1043,5,1
797,2020-11-01T00:00:00.000,Western Tidewater,Other Race,101,1,2
798,2020-11-01T00:00:00.000,Western Tidewater,Other Race,101,1,2
799,2020-11-01T00:00:00.000,Western Tidewater,Two or more races,91,1,0
800,2020-11-01T00:00:00.000,Western Tidewater,Two or more races,91,1,0
801,2020-11-01T00:00:00.000,Western Tidewater,White,1267,78,76
802,2020-11-01T00:00:00.000,Western Tidewater,White,1267,78,76
803,2020-11-01T00:00:00.000,West Piedmont,Asian or Pacific Islander,13,2,1
804,2020-11-01T00:00:00.000,West Piedmont,Asian or Pacific Islander,13,2,1
805,2020-11-01T00:00:00.000,West Piedmont,Black,595,102,19
806,2020-11-01T00:00:00.000,West Piedmont,Black,595,102,19
807,2020-11-01T00:00:00.000,West Piedmont,Latino,300,12,1
808,2020-11-01T00:00:00.000,West Piedmont,Latino,300,12,1
809,2020-11-01T00:00:00.000,West Piedmont,Native American,2,0,0
810,2020-11-01T00:00:00.000,West Piedmont,Native American,2,0,0
811,2020-11-01T00:00:00.000,West Piedmont,Not Reported,733,21,3
812,2020-11-01T00:00:00.000,West Piedmont,Not Reported,733,21,3
813,2020-11-01T00:00:00.000,West Piedmont,Other Race,11,1,1
814,2020-11-01T00:00:00.000,West Piedmont,Other Race,11,1,1
815,2020-11-01T00:00:00.000,West Piedmont,Two or more races,13,0,0
816,2020-11-01T00:00:00.000,West Piedmont,Two or more races,13,0,0
817,2020-11-01T00:00:00.000,West Piedmont,White,1509,169,65
818,2020-11-01T00:00:00.000,West Piedmont,White,1509,169,65
819,2020-10-31T00:00:00.000,Alexandria,Asian or Pacific Islander,162,11,1
820,2020-10-31T00:00:00.000,Alexandria,Black,898,100,19
821,2020-10-31T00:00:00.000,Alexandria,Latino,1983,137,13
822,2020-10-31T00:00:00.000,Alexandria,Native American,4,0,0
823,2020-10-31T00:00:00.000,Alexandria,Not Reported,259,3,1
824,2020-10-31T00:00:00.000,Alexandria,Other Race,108,10,2
825,2020-10-31T00:00:00.000,Alexandria,Two or more races,29,2,0
826,2020-10-31T00:00:00.000,Alexandria,White,894,61,38
827,2020-10-31T00:00:00.000,Alleghany,Asian or Pacific Islander,37,0,0
828,2020-10-31T00:00:00.000,Alleghany,Black,204,8,4
829,2020-10-31T00:00:00.000,Alleghany,Latino,193,13,0
830,2020-10-31T00:00:00.000,Alleghany,Not Reported,826,5,1
831,2020-10-31T00:00:00.000,Alleghany,Other Race,26,1,0
832,2020-10-31T00:00:00.000,Alleghany,Two or more races,20,0,0
833,2020-10-31T00:00:00.000,Alleghany,White,1615,91,36
834,2020-10-31T00:00:00.000,Alleghany and Roanoke,Native American,6,0,0
835,2020-10-31T00:00:00.000,Arlington,Asian or Pacific Islander,236,28,13
836,2020-10-31T00:00:00.000,Arlington,Black,469,90,36
837,2020-10-31T00:00:00.000,Arlington,Latino,1935,258,27
838,2020-10-31T00:00:00.000,Arlington,Native American,5,0,0
839,2020-10-31T00:00:00.000,Arlington,Not Reported,461,3,0
840,2020-10-31T00:00:00.000,Arlington,Other Race,113,11,4
841,2020-10-31T00:00:00.000,Arlington,Two or more races,53,4,0
842,2020-10-31T00:00:00.000,Arlington,White,1442,147,74
843,2020-10-31T00:00:00.000,Central Shenandoah,Asian or Pacific Islander,90,2,0
844,2020-10-31T00:00:00.000,Central Shenandoah,Black,284,16,5
845,2020-10-31T00:00:00.000,Central Shenandoah,Latino,1258,60,6
846,2020-10-31T00:00:00.000,Central Shenandoah,Native American,4,1,0
847,2020-10-31T00:00:00.000,Central Shenandoah,Not Reported,1068,5,1
848,2020-10-31T00:00:00.000,Central Shenandoah,Other Race,98,2,0
849,2020-10-31T00:00:00.000,Central Shenandoah,Two or more races,58,1,0
850,2020-10-31T00:00:00.000,Central Shenandoah,White,4144,221,72
851,2020-10-31T00:00:00.000,Central Virginia,Asian or Pacific Islander,34,1,0
852,2020-10-31T00:00:00.000,Central Virginia,Black,484,42,17
853,2020-10-31T00:00:00.000,Central Virginia,Latino,104,7,4
854,2020-10-31T00:00:00.000,Central Virginia,Native American,9,0,0
855,2020-10-31T00:00:00.000,Central Virginia,Not Reported,2260,29,6
856,2020-10-31T00:00:00.000,Central Virginia,Other Race,32,1,0
857,2020-10-31T00:00:00.000,Central Virginia,Two or more races,24,0,0
858,2020-10-31T00:00:00.000,Central Virginia,White,2137,122,39
859,2020-10-31T00:00:00.000,Chesapeake,Asian or Pacific Islander,97,12,6
860,2020-10-31T00:00:00.000,Chesapeake,Black,1957,259,36
861,2020-10-31T00:00:00.000,Chesapeake,Latino,395,29,2
862,2020-10-31T00:00:00.000,Chesapeake,Native American,12,0,0
863,2020-10-31T00:00:00.000,Chesapeake,Not Reported,625,4,0
864,2020-10-31T00:00:00.000,Chesapeake,Other Race,59,5,1
865,2020-10-31T00:00:00.000,Chesapeake,Two or more races,63,4,1
866,2020-10-31T00:00:00.000,Chesapeake,White,1802,170,33
867,2020-10-31T00:00:00.000,Chesterfield,Asian or Pacific Islander,118,7,1
868,2020-10-31T00:00:00.000,Chesterfield,Black,1569,141,36
869,2020-10-31T00:00:00.000,Chesterfield,Latino,2096,118,9
870,2020-10-31T00:00:00.000,Chesterfield,Native American,9,1,0
871,2020-10-31T00:00:00.000,Chesterfield,Not Reported,1541,5,13
872,2020-10-31T00:00:00.000,Chesterfield,Other Race,180,12,0
873,2020-10-31T00:00:00.000,Chesterfield,Two or more races,58,6,0
874,2020-10-31T00:00:00.000,Chesterfield,White,2340,181,92
875,2020-10-31T00:00:00.000,Chickahominy,Asian or Pacific Islander,20,1,0
876,2020-10-31T00:00:00.000,Chickahominy,Black,429,58,12
877,2020-10-31T00:00:00.000,Chickahominy,Latino,109,6,0
878,2020-10-31T00:00:00.000,Chickahominy,Native American,7,1,0
879,2020-10-31T00:00:00.000,Chickahominy,Not Reported,557,2,1
880,2020-10-31T00:00:00.000,Chickahominy,Other Race,25,3,0
881,2020-10-31T00:00:00.000,Chickahominy,Two or more races,8,1,0
882,2020-10-31T00:00:00.000,Chickahominy,White,1289,125,46
883,2020-10-31T00:00:00.000,Crater,Asian or Pacific Islander,30,0,0
884,2020-10-31T00:00:00.000,Crater,Black,2517,223,75
885,2020-10-31T00:00:00.000,Crater,Latino,246,11,5
886,2020-10-31T00:00:00.000,Crater,Native American,7,1,1
887,2020-10-31T00:00:00.000,Crater,Not Reported,1130,10,5
888,2020-10-31T00:00:00.000,Crater,Other Race,67,0,1
889,2020-10-31T00:00:00.000,Crater,Two or more races,13,0,0
890,2020-10-31T00:00:00.000,Crater,White,1130,65,31
891,2020-10-31T00:00:00.000,Cumberland Plateau,Black,58,0,0
892,2020-10-31T00:00:00.000,Cumberland Plateau,Latino,15,0,0
893,2020-10-31T00:00:00.000,Cumberland Plateau,Not Reported,133,4,0
894,2020-10-31T00:00:00.000,Cumberland Plateau,Other Race,6,1,0
895,2020-10-31T00:00:00.000,Cumberland Plateau,Two or more races,10,0,0
896,2020-10-31T00:00:00.000,Cumberland Plateau,White,1274,91,15
897,2020-10-31T00:00:00.000,Cumberland Plateau and Lenowisco,Asian or Pacific Islander,2,0,0
898,2020-10-31T00:00:00.000,"Cumberland Plateau, Lenowisco, and Mount Rogers",Native American,3,0,0
899,2020-10-31T00:00:00.000,Eastern Shore,Black,870,100,29
900,2020-10-31T00:00:00.000,Eastern Shore,Latino,275,11,3
901,2020-10-31T00:00:00.000,Eastern Shore,Not Reported,79,0,0
902,2020-10-31T00:00:00.000,Eastern Shore,Other Race,13,1,0
903,2020-10-31T00:00:00.000,Eastern Shore,Two or more races,1,1,0
904,2020-10-31T00:00:00.000,Eastern Shore,White,300,33,18
905,2020-10-31T00:00:00.000,Eastern Shore and Three Rivers,Asian or Pacific Islander,14,1,0
906,2020-10-31T00:00:00.000,Eastern Shore and Three Rivers,Native American,2,0,0
907,2020-10-31T00:00:00.000,Fairfax,Asian or Pacific Islander,2167,284,78
908,2020-10-31T00:00:00.000,Fairfax,Black,1991,261,66
909,2020-10-31T00:00:00.000,Fairfax,Latino,11165,1060,105
910,2020-10-31T00:00:00.000,Fairfax,Native American,36,1,1
911,2020-10-31T00:00:00.000,Fairfax,Not Reported,2693,42,31
912,2020-10-31T00:00:00.000,Fairfax,Other Race,960,91,19
913,2020-10-31T00:00:00.000,Fairfax,Two or more races,145,6,0
914,2020-10-31T00:00:00.000,Fairfax,White,5186,564,320
915,2020-10-31T00:00:00.000,Hampton,Asian or Pacific Islander,19,0,0
916,2020-10-31T00:00:00.000,Hampton,Black,989,70,23
917,2020-10-31T00:00:00.000,Hampton,Latino,86,5,0
918,2020-10-31T00:00:00.000,Hampton,Native American,3,0,1
919,2020-10-31T00:00:00.000,Hampton,Not Reported,622,2,1
920,2020-10-31T00:00:00.000,Hampton,Other Race,71,2,1
921,2020-10-31T00:00:00.000,Hampton,Two or more races,18,0,0
922,2020-10-31T00:00:00.000,Hampton,White,355,14,7
923,2020-10-31T00:00:00.000,Henrico,Asian or Pacific Islander,258,12,4
924,2020-10-31T00:00:00.000,Henrico,Black,2042,230,102
925,2020-10-31T00:00:00.000,Henrico,Latino,981,60,11
926,2020-10-31T00:00:00.000,Henrico,Native American,12,0,0
927,2020-10-31T00:00:00.000,Henrico,Not Reported,997,3,4
928,2020-10-31T00:00:00.000,Henrico,Other Race,211,16,0
929,2020-10-31T00:00:00.000,Henrico,Two or more races,96,7,2
930,2020-10-31T00:00:00.000,Henrico,White,1875,160,117
931,2020-10-31T00:00:00.000,Lenowisco,Black,28,1,1
932,2020-10-31T00:00:00.000,Lenowisco,Latino,32,0,0
933,2020-10-31T00:00:00.000,Lenowisco,Not Reported,218,4,4
934,2020-10-31T00:00:00.000,Lenowisco,Other Race,12,0,0
935,2020-10-31T00:00:00.000,Lenowisco,Two or more races,21,1,0
936,2020-10-31T00:00:00.000,Lenowisco,White,1414,106,21
937,2020-10-31T00:00:00.000,Lord Fairfax,Asian or Pacific Islander,20,1,0
938,2020-10-31T00:00:00.000,Lord Fairfax,Black,170,25,7
939,2020-10-31T00:00:00.000,Lord Fairfax,Latino,881,60,9
940,2020-10-31T00:00:00.000,Lord Fairfax,Native American,3,1,1
941,2020-10-31T00:00:00.000,Lord Fairfax,Not Reported,474,4,6
942,2020-10-31T00:00:00.000,Lord Fairfax,Other Race,90,6,1
943,2020-10-31T00:00:00.000,Lord Fairfax,Two or more races,26,0,0
944,2020-10-31T00:00:00.000,Lord Fairfax,White,2399,239,109
945,2020-10-31T00:00:00.000,Loudoun,Asian or Pacific Islander,542,61,12
946,2020-10-31T00:00:00.000,Loudoun,Black,373,36,7
947,2020-10-31T00:00:00.000,Loudoun,Latino,2688,234,16
948,2020-10-31T00:00:00.000,Loudoun,Native American,6,0,0
949,2020-10-31T00:00:00.000,Loudoun,Not Reported,1993,5,0
950,2020-10-31T00:00:00.000,Loudoun,Other Race,273,17,3
951,2020-10-31T00:00:00.000,Loudoun,Two or more races,65,2,0
952,2020-10-31T00:00:00.000,Loudoun,White,2041,130,93
953,2020-10-31T00:00:00.000,Mount Rogers,Asian or Pacific Islander,7,1,0
954,2020-10-31T00:00:00.000,Mount Rogers,Black,90,9,3
955,2020-10-31T00:00:00.000,Mount Rogers,Latino,316,7,0
956,2020-10-31T00:00:00.000,Mount Rogers,Not Reported,245,11,7
957,2020-10-31T00:00:00.000,Mount Rogers,Other Race,16,2,2
958,2020-10-31T00:00:00.000,Mount Rogers,Two or more races,13,1,0
959,2020-10-31T00:00:00.000,Mount Rogers,White,3241,288,138
960,2020-10-31T00:00:00.000,New River,Asian or Pacific Islander,123,0,0
961,2020-10-31T00:00:00.000,New River,Black,274,5,1
962,2020-10-31T00:00:00.000,New River,Latino,253,5,0
963,2020-10-31T00:00:00.000,New River,Native American,5,0,0
964,2020-10-31T00:00:00.000,New River,Not Reported,1040,12,0
965,2020-10-31T00:00:00.000,New River,Other Race,20,0,0
966,2020-10-31T00:00:00.000,New River,Two or more races,95,3,0
967,2020-10-31T00:00:00.000,New River,White,2798,64,26
968,2020-10-31T00:00:00.000,Norfolk,Asian or Pacific Islander,77,9,0
969,2020-10-31T00:00:00.000,Norfolk,Black,2610,287,58
970,2020-10-31T00:00:00.000,Norfolk,Latino,417,30,0
971,2020-10-31T00:00:00.000,Norfolk,Native American,9,1,1
972,2020-10-31T00:00:00.000,Norfolk,Not Reported,1108,4,1
973,2020-10-31T00:00:00.000,Norfolk,Other Race,102,5,2
974,2020-10-31T00:00:00.000,Norfolk,Two or more races,60,3,0
975,2020-10-31T00:00:00.000,Norfolk,White,1110,72,22
976,2020-10-31T00:00:00.000,Peninsula,Asian or Pacific Islander,68,5,7
977,2020-10-31T00:00:00.000,Peninsula,Black,1409,93,29
978,2020-10-31T00:00:00.000,Peninsula,Latino,447,24,2
979,2020-10-31T00:00:00.000,Peninsula,Native American,7,2,1
980,2020-10-31T00:00:00.000,Peninsula,Not Reported,1673,4,0
981,2020-10-31T00:00:00.000,Peninsula,Other Race,183,3,0
982,2020-10-31T00:00:00.000,Peninsula,Two or more races,67,4,1
983,2020-10-31T00:00:00.000,Peninsula,White,1361,92,52
984,2020-10-31T00:00:00.000,Piedmont,Asian or Pacific Islander,12,0,1
985,2020-10-31T00:00:00.000,Piedmont,Black,706,76,23
986,2020-10-31T00:00:00.000,Piedmont,Latino,79,9,2
987,2020-10-31T00:00:00.000,Piedmont,Native American,5,0,0
988,2020-10-31T00:00:00.000,Piedmont,Not Reported,869,11,2
989,2020-10-31T00:00:00.000,Piedmont,Other Race,15,0,0
990,2020-10-31T00:00:00.000,Piedmont,Two or more races,8,2,0
991,2020-10-31T00:00:00.000,Piedmont,White,849,64,28
992,2020-10-31T00:00:00.000,Pittsylvania-Danville,Asian or Pacific Islander,4,0,0
993,2020-10-31T00:00:00.000,Pittsylvania-Danville,Black,847,104,21
994,2020-10-31T00:00:00.000,Pittsylvania-Danville,Latino,95,5,0
995,2020-10-31T00:00:00.000,Pittsylvania-Danville,Not Reported,796,14,2
996,2020-10-31T00:00:00.000,Pittsylvania-Danville,Other Race,6,0,0
997,2020-10-31T00:00:00.000,Pittsylvania-Danville,Two or more races,7,0,0
998,2020-10-31T00:00:00.000,Pittsylvania-Danville,White,848,81,38
999,2020-10-31T00:00:00.000,Pittsylvania-Danville and Southside,Native American,1,0,0
